Links,Name,Price,Location,Date,Description
https://www.olx.com.pk/item/oppo-reno-z-oppo-reno-2z-8gb-256gb-pta-approved-iid-1099699161,"Oppo Reno Z , Oppo Reno 2z 8gb 256gb pta approved","Rs 19,499","Mall Road, Lahore",4 days ago,"best wholesale rate in Lahore 
500/1000 k peechy khrab cheez na lain 
apko 100% original phone mily ga 7 days replacement warranty k sth 

Oppo Reno Z
8gb 256gb
AMOLED display Indisplay fingerprint 
48mp camera
in just 19,499
500 extra for box all accessories 
_____________________________

Oppo Reno 2z
8gb 256gb
AMOLED display Indisplay fingerprint 
pop up camera 48mp
in just 22,999
500 extra for box all accessories
__________________

in 10/10 lush new condition 
with 7 days replacement warranty 
pta approved 
all colors available 
100% original

hmm customers nai Bhai bnaty Hain
it will be your best experience with us inshAllah 

adress
mobile hut LG 10 zamin center shimla pahari Lahore near nadra office and shell pump"
https://www.olx.com.pk/item/oppo-reno-z-8gb512gburgent-sale-iid-1095793310,Vivo Y17 (8gb/256gb)urgent Sale,"Rs 15,999","Walton Road, Lahore",4 weeks ago,"All ok phone / No any fault
8gbRam/ 256gb storage
condition Lush 10/10
 PTA approved (Dual sim)
With original box and charger cable
Face-lock and fingerprint ok
Neend money very urgently sale
plz call. 0/3/2/9/7/7/5/7/4/1/3"
https://www.olx.com.pk/item/oneplus-n200-5g-single-sim-5g-pta-approved-1010-condition-iid-1097259451,Oneplus N200 5G Single sim 5G pta approved 10/10 condition,"Rs 18,999","Johar Town, Lahore",2 weeks ago,"Oneplus N200
4/64 
single sim 5G 
pta approved
big quantity Available 
Contact on whatsapp
only whtpps call 03/14/79/73/419"
https://www.olx.com.pk/item/vivo-s1-8gb-256gb-box-all-accessories-pta-approved-iid-1098966123,Vivo S1 8gb 256gb box all accessories pta approved,"Rs 17,999","Mall Road, Lahore",4 days ago,"best wholesale rate in Lahore 
500/1000 k peechy khrab cheez na lain 
apko 100% original phone mily ga 7 days replacement warranty k sth 

Vivo S1
8gb 256gb
dual sim

in just 17,999
box all accessories 500 extra 

in 10/10 lush new condition 
with 7 days replacement warranty 
pta approved 
all colors available 
100% original 

with 8 years of trusted customers alhumdulilah 
it will be your best experience with us inshAllah 

adress
mobile hut LG 10 zamin center shimla pahari Lahore near nadra office and shell pump"
https://www.olx.com.pk/item/vivo-v15-8256-dual-sim-pta-with-original-charger-iid-1099423237,VIVO V15 8/256 dual SIM pta with original charger,"Rs 18,999","Wapda Town, Lahore",2 weeks ago,"Display 6.53 inches, IPS LCD, 1080 x 2340 pixels
Processor MediaTek Helio P70
RAM 8 GB
Storage 256 GB
Rear Camera Triple: 12 MP (f/1.78) + 8 MP (f/2.2, ultrawide) + 5 MP (f/2.4, depth sensor)
Front Camera Motorized pop-up 32 MP (f/2.0)
Operating System Android 9.0 Pie with Funtouch OS 9
Battery Non-removable Li-Po 4000 mAh
Connectivity Dual SIM, 4G LTE, Wi-Fi 802.11 a/b/g/n, Bluetooth 5.0
Sensors Fingerprint (rear-mounted), accelerometer, gyro, proximity, compass
Dimensions 161.2 x 75.9 x 8.5 mm
Weight 189.5 g
Colors Glamour Red, Frozen Black
Other Features Face unlock, Game Mode 5.0, Dual Engine Fast Charging"
https://www.olx.com.pk/item/vivo-y83-6128gb-vivo-y85-464-new-1010-pta-approved-with-full-box-iid-1098954367,Vivo Y83 6/128 | Vivo Y85 4/64 New 10/10 PTA Approved With full box,"Rs 10,999","New Gulshan Ravi Park, Lahore",4 weeks ago,"Vivo Y83
New Condition 10/10
6gb Ram 128gb Memory 
PTA Approved dual Sim
With Face Unlock feature 
Best Camera Reault & Battery Timing 
With Box and Charger 
Rs: 11,500

VIVO Y85
New Condition 10/10
4gb Ram 64gb Memory 
PTA Approved Dual Sim
With Fingerprint 
Good Camera Result & Battery timing
With box and Charger 
Rs: 10,999

Location:  Near Chuburji Gulahan Ravi Lahore
0.3. 2.7. . //8.1. 6.1. 0.0. 6//"
https://www.olx.com.pk/item/vivo-y66vivo-y85vivo-y83vivo-y97-6128-iid-1097194616,"Vivo S1,Y17,Y85,Y83,Y97,Vivo Y66 6/128","Rs 16,500","Hall Road, Lahore",2 weeks ago,"Al-hamdullilah Fresh stock Arrived 

Best mobiles company gives you unbeatable best prices and best products with best satisfactory services. . 

Here are details of vivo models and prices

Vivo S1 6gb ram 128gb memory 
10by10 condition 
dual sim pta approved lifetime warranty 
In display fingerprint sensore 
Super Amoled Panel
best for photography best for gaming
Full day battery time
price pkr 16500


Vivo y66 4gb ram 64gb memory 
condition 10by10 
Pta approved lifetime warranty 
no restrictions of any applications 
Battery full day
Price 7000

Vivo Y85 4gb ram 64gb memory 
condition 10by10 stock stock 
Pta approved lifetime warranty dual sim
no restrictions of any applications 
Battery full day
price 9500

Vivo Y83 6gb ram 128gb memory 
10by10 condition fresh stock 
dual sim pta approved lifetime warranty
no restrictions of any applications 
Battery full day 
price 10,000

Vivo Y97 6gb ram 128gb memory 
10by10 condition fresh stock 
dual sim pta approved lifetime warranty 
no restrictions of any applications 
Battery full day 
price 11500

Vivo Y19 6gb ram 128gb memory 
10by10 condition refresh stock 
dual sim pta approved lifetime warranty 
no restrictions of any applications 
Battery full day 
price 14000

Best mobiles company gives you 7 days backup warranty 

Best mobiles company shop no 17 Abdullah centre 1st floor main hall road lahore timing 1pm to 9pm 

 

contact us #(View phone number)  (View phone number)"
https://www.olx.com.pk/item/vivo-s1-8gb256gb-1010-with-complete-box-iid-1098831769,Vivo S1 8Gb+256Gb 10/10 with Complete Box,"Rs 19,500","Mughalpura, Lahore",4 weeks ago,"(View phone number)
AoA Have A Good day am selling my
Vivo S1 Condition 10/10 100℅
Dual sim 4G 
256Gb Rom + Sd Card Supported 
8Gb Ram ) 
32mp HDr Selfie Camera
16mp Back Triple Ai Came Ful HD
In Display Fastest Fingerprint 
High Defination Super Amoled Display in wich 1080p Resoulation
4500Mah Long Battrey Timing
Duall Enging Fast charging
Orignal 18w Charger + Data Cable & Orignal Back pauch with Box
If anyone Intrested To Buy Only contact me To my cell # Dont text me on Olx
Thanks and *JazzakAllah"
https://www.olx.com.pk/item/oppo-f11-8256gb-vivo-y17-8gb-256gb-dual-sim-5000-mah-batter-1010-iid-1088421826,"Oppo F11 8/256Gb, Vivo Y17 8Gb 256Gb Dual sim ( 5000 Mah batter) 10/10","Rs 14,999","Ichhra, Lahore",1 week ago,"Fixed Price

VIVO Y17 8Gb 256Gb 
Oppo F11 8/256Gb 
Mint condition 
DUAL SIM Approved 
Face unlocked 
Fingerprint sensor 
All sensors working fine 
13+8+2 MP BACK CAMERA
20+16 MP FRONT CAMERA
5000 MAH BATTERY
Pta Lifetime warranty 

Excellent battery backup 


500 Extra For Box Charger 

Price Is Dead final

MEHAR STORE

OFFICE LOCATION: Javed market ichhra opposite cook nook pizza Alfateh hostle office no 108"
https://www.olx.com.pk/item/iphone-7-pta-approved-iid-1099765127,iPhone 7 PTA Approved,"Rs 16,000","Allama Iqbal Town, Lahore",3 minutes ago,"iPhone 7 PTA Approved 32GB All ok 
Battery health 95 
100% Original hai 
Fault less 
Cam result out class 
finger print working 
wifi working 
sound good 
Condition 10/9
Life time PTA Approved 
All original 100% 
Price 16 final hai 
Best for PUBG
AK Paisa be kum ni ho ga 
0333
493
5825

Please Note 
iPhone 7 non PTA Market main log 
15 ka Sale kar Rahay hain. 
Hall Road or Hafeez center pata karo"
https://www.olx.com.pk/item/nokia-iid-1099821577,nokia,"Rs 20,000","Gulberg 1, Lahore",7 minutes ago,"phone for sale 
condition good"
https://www.olx.com.pk/item/redmi-note-8-iid-1099843999,Redmi note 8,"Rs 18,000","Vital Homes FF, Lahore",11 minutes ago,"Redmi note 8
4/64
Condition 9/10
Phone with box"
https://www.olx.com.pk/item/infinix-hot-12-play-iid-1099843922,Infinix Hot 12 Play,"Rs 12,500","Chungi Amar Sadhu, Lahore",16 minutes ago,"AOA
Only Panel Changed But Original Panel Installed Cell Phone Hy Only Price Almost Final"
https://www.olx.com.pk/item/lg-g7-thinq-464-iid-1099710807,LG G7 thinq (4/64),"Rs 15,000","PCSIR Staff Colony, Lahore",20 minutes ago,"back broken and finger not working 
other wise all okay face recognition screen everything is good
pta approved"
https://www.olx.com.pk/item/sparx-neo-6-plus-new-box-iid-1099843818,Sparx neo 6 plus new box,"Rs 18,000","Gulshan-e-Lahore, Lahore",22 minutes ago,"urgent sale 
new box pack phone for sale"
https://www.olx.com.pk/item/samsung-a30-iid-1099843531,Samsung a30,"Rs 15,000","Singhpura, Lahore",43 minutes ago,"non pta
4/64 
phone all ok"
https://www.olx.com.pk/item/huawei-nova-2-plus-iid-1099843394,Huawei Nova 2 Plus,"Rs 15,000","Sodiwal, Lahore",53 minutes ago,"Urgent Sale krna ha Cash ki zaroorat ha just is liye sale kr rha hoo. Non PTA but 1000,1500 me easily approved ho jay ga phone ki condition 100/100 ha kusi kism ka koi fault ni ha slim and smart phone ha battery timing bohot zanardast ha. Price already munasib ha but serious buyer k liye mazeed munasib ho jay gi,"
https://www.olx.com.pk/item/sharp-aquos-r2-pta-proof-iid-1099843348,sharp Aquos R2 Pta proof,"Rs 18,499","Wassan Pura Scheme No. 2, Lahore",56 minutes ago,"Sharp Aquas R2 Pta proof condition 10\8
4/64 back crack Baki all ok hai"
https://www.olx.com.pk/item/iphone-7-official-pta-128-gb-109-iid-1099843256,iPhone 7 official PTA 128 GB 10/9,"Rs 19,500","Shahdara, Lahore",1 hour ago,"all ok mobile no any fault or repair 
128gb offlical PTA all geniune phone
battery health 100 or change Contact me on
watsapp number : (View phone number)"
https://www.olx.com.pk/item/box-and-charger-ha-iid-1099843233,Box and charger ha,"Rs 20,000","Thokar Niaz Baig, Lahore",1 hour ago,"itela70 4+4 ram and256gb room touch change only 
box ha"
https://www.olx.com.pk/item/apple-i-phone-6s-plus-32-gb-non-pta-iid-1099843196,Apple I phone 6s plus 32 GB non pta,"Rs 13,500","Wapda Town Phase 1, Lahore",1 hour ago,"Asslam u Alikun! I phone 6s plus Non Pta Ha 32 GB 10/10 Condition No Any Fault Finger ok Panal original Neat and Clean Set Urgent Sale. 
Exchange Possible 
(View phone number) contact on What's App"
https://www.olx.com.pk/item/0pp0-a15-fresh-condtion-no-open-rapier-10l93-32-iid-1099152501,0pp0 A15 fresh condtion no open rapier . 10l9.3 /32,"Rs 14,000","Sher Shah Colony, Lahore",1 hour ago,urgent sell oppo A15 3/32 fresh(View phone number) box charger with
https://www.olx.com.pk/item/exchange-to-mobile-4128-box-b-ha-iid-1099843083,exchange to mobile 4.128 box b ha,"Rs 18,000","Mehmood Booti, Lahore",1 hour ago,exchange to mobile 4.128 box b ha
https://www.olx.com.pk/item/oneplus-6t-8gb-128gb-100-orignal-iid-1096500896,vivo s1 8gb 256gb || oppo f15 8gb 256gb,"Rs 19,500","Walton Road, Lahore",2 days ago,"100% orignal stock not refurbished
vivo s1 8gb 256gb = 19/500
oppo f15 8gb 256gb = 19/500
dual SIM pta approve 
no open no repair 
under display fingerprint and all sensor perfectly working 
10/10 condition like new with box charger
you can also gift for you love one
price fix no banging
7 days check warranty if you have any problem of this phone then we can change it 
under display fingerprint face id and all sensor perfectly working 
only call no SMS no OLX chat 
only serious buyer can contact me thanks 
0/3/09/44/94/3/84"
https://www.olx.com.pk/item/oppo-f11-oppo-reno-z-iid-1089778065,OPPO F11 8/256 PTA APPROVED,"Rs 14,999","Faisal Town, Lahore",1 week ago,"MARKET CHALLENGE RATE
1ST TIME IN LAHORE 
ASA RATE AP KO KAHEN NHI MILY GA ALHUMDULILAH SATISFIED CUSTOMER JUST BUY AND ENHOY
ALHUMDULILAH 
 
OPPO F11 WITH BOX AND CHARGER RS. 15999
OPPO RENO Z WITH BOX AND CHARGER RS. 23999
OPPO RENO 2 Z WITH CHARGER RS. 32000

 Build Glass front (Gorilla Glass 5),
 Protection Corning Gorilla Glass 5
 Dual SIM (Nano-SIM, dual stand-by)
 AMOLED, HDR10
 Size 6.4 inches,
 OS Android 10, ColorOS 7.0
 Chipset Mediatek MT6779 Helio P90 (12 nm)
 Octa-core (2x2.2 GHz Cortex-A75 & 6x2.0 GHz Cortex-A55)
 PowerVR GM9446
 8GB RAM
 256GB STORAGE
 UFS 2.1
 CAMERA Dual 48 MP, f/1.7, 26mm (wide), 1/2.0"", 0.8µm, PDAF 5 MP, f/2.4, (depth)
 SELFIE CAMERA Single 32 MP,
 Video 4K@30fps, 1080p@30/60/120fps (gyro-EIS)
 stereo speakers
 NFC Yes
 USB Type-C, OTG
 Sensors Fingerprint (under display, optical),
 accelerometer, gyro, proximity, compass
 BATTERY Li-Po 4035 mAh,
 Charging 20W wired
Models PCDM10, CPH1979
VIVO Y17 WITH BOX AND CHARGER RS. 15999
VIVO S1
VIVO Y85
VIVO 57
VIVO F1 
HUAWEI 
SAMSUNG

 NO REPAIR LIFE TIME WARRANTY"
https://www.olx.com.pk/item/vivo-s1-8gb-256gb-display-fingerprints-4500-mah-battery-1010-condi-iid-1099664905,Vivo S1 8Gb 256Gb ( Display fingerprints) 4500 Mah battery 10/10 Condi,"Rs 18,999","Ichhra, Lahore",5 days ago,"FIXED PRICE 

Vivo S1 8Gb 256Agb 
Dual sim Approved 
With Box Charger A+
Display fingerprints sensor 
4500 Mah battery 
16Mp Camera 1080p Resolution 
Long Battery backup 
Excellent performance 
No any fault or repair working fine 
7 days check warranty 


**MEHAR STORE*

OFFICE LOCATION: Javed market ichhra opposite cook nook pizza Alfateh hostle office no 108"
https://www.olx.com.pk/item/iphone-6-7-plus-non-pta-iid-1099800459,iphone 7 plus & Iphone 6 non pta,"Rs 18,500","Johar Town, Lahore",1 day ago,": iphone 6 16Gb = Rs 6800
: iphone 7 plus 32Gb 18500
: Fix price no bargaining 
: Fresh condition
: Only for wifi use
: Best camera same like dslr
: cash on delivery available all Pakistan 
: for more details dm me jazakallah. 
: Shop park view society near thoker niaz baig lahore."
https://www.olx.com.pk/item/oppo-f15-8gb-256gb-dual-sim-pta-approved-box-all-accessories-iid-1098993441,Oppo F15 8gb 256gb dual sim pta approved box all accessories,"Rs 18,499","Mall Road, Lahore",4 days ago,"best wholesale rate in Lahore 
500/1000 k peechy khrab cheez na lain apko 100% original phone mily ga 7 days replacement warranty k sth 

Oppo F15
8gb 256gb
dual sim
AMOLED display Indisplay fingerprint 
48mp camera

in just 18,499
500 extra for box all accessories 

in 10/10 lush new condition 
with 7 days replacement warranty
pta approved
all colors available 
100% original 

hmm customers nai Bhai bnaty Hain 
it will be your best experience with us inshAllah 

adress
mobile hut LG 10 zamin center shimla pahari Lahore near nadra office and shell pump"
https://www.olx.com.pk/item/oppo-f11-8gb-256gb-dual-sim-pta-approved-box-iid-1099785207,oppo F11 8gb 256gb dual sim pta approved box,"Rs 14,499","Mall Road, Lahore",2 days ago,"best wholesale rate in Lahore 
500/1000 k peechy khrab cheez na lain 
apko 100% original phone mily ga 7 days replacement warranty k sth 

Oppo F11
8gb 256gb
dual sim

in just 14,499
box all accessories 500 extra

in 10/10 lush new condition 
with 7 days replacement warranty 
pta approved 
all colors available 
100% original 

with 8 years of trusted customers 
it will be your best experience with us inshAllah 

adress
mobile hut LG 10 zamin center shimla pahari Lahore near nadra office and shell pump"
https://www.olx.com.pk/item/iphone-board-xs-max-11-pro-max-12-pro-max-13-pro-max-available-iid-1091435771,iPhone XS Max 11 Pro Max 12 Pro Max 13 Pro Max 14 Pro Board Available,"Rs 15,999","Lahore, Punjab",4 weeks ago,"iPhone Boards Available
(O3/O/3/1/7/1/O/O/O/1) 
iPhone XS/XS Max
iPhone 11/11 Pro/11 Pro Max 
iPhone 12/12 Pro/12 Pro Max
iPhone 13/13 Pro/13 Pro Max
iPhone 14/14 Pro/14 Pro Max
Unlocked Clean With Face ID
64GB 128GB 256GB 512GB
You Can Check And Pay After Open Your Parcel 
Cash On Delivery Available
Warranty Available 
Contact O/3/I/7/6/5/8/9/2/3/5
Price are not same for all devices 
Main board with Face ID IOS Updated 

#iPhone11 #iPhone12 #iPhone13 #iPhone14"
https://www.olx.com.pk/item/oneplus-13-16gb512gb-non-pta-on-easy-installment-iid-1099344395,OnePlus 13 (16GB+512GB) Non PTA On Easy Installment,"Rs 17,500","Gulberg, Lahore",2 weeks ago,"***** ONLY For Lahore *****

OnePlus 13 (16GB+512GB) Non PTA On Easy Installment
Rs. 65,000/- Advance
Rs. 17,500/- ki 15 Equal Installment`s hain 
Total Payment Plan 
Rs. 3,27,500/-

Timings: Monday To Saturday

Customer Trust Our First Priority 

'For More Information Contact Now 

Contact No :-0/3/1/0/4/1/9/7/5/2/0/

Location :- Main Bolvard DHA  Cantt, Lahore."
https://www.olx.com.pk/item/apple-iphone-11-pro-max-on-easy-installment-iid-1098848708,Apple iPhone 11 Pro Max on Easy Installment,"Rs 13,500","Gulberg, Lahore",4 weeks ago,"Only for LAHORE

FOR MOBILES
 IPHONE 11 PRO MAX PTA APPROVED 
ADVANCE 40K
INSTALMENT 13500 X 12 MONTHS

Contact Now 
 

serious buyrs contact




Contact  now  Us for more Information
03/04-33/94/97/9

Name: Lease Hub
Address: Main LOS Road, Opposite LOS Mosque, Ferozpur Road, Lahore"
https://www.olx.com.pk/item/huwai-p-20-lite-iid-1099843055,Huwai P 20 Lite,"Rs 17,000","Gulberg 3, Lahore",1 hour ago,"Storage: 4GB + 128 GB
Condition: 9/10
Face Id And Finger Print available. 
Battery Health: Good
Android Version: 08
Urgent Sale:
0,3,2,1,1,4,9,8,9,9,5"
https://www.olx.com.pk/item/a12-samsung-464-5000mahbattery-iid-1099842962,A12 Samsung 4/64 5000mahbattery,"Rs 18,500","Sabzazar, Lahore",1 hour ago,Samsung A12 4/64 5000MAH battery Excellent performance 10/9 200℅ok ladies use set just box hai
https://www.olx.com.pk/item/iphone-xr-converted-exchange-possible-iid-1099842956,iPhone XR converted 13pro exchange possible,"Rs 18,000","Tajpura, Lahore",1 hour ago,"iPhone xr convert 13 pro back brake ha 
or bypass hone Wala ha password bul gya is liya iCloud p ayga  64gb hai 
panel battery Orginl hai all ok Hai Bas 
iCloud ha 3.4 hazr tak Hoja ga 
agr kise n lyna ho mesg krya 
exchange possible with good Moblie 
0325***800***3838"
https://www.olx.com.pk/item/iphone-6s-battery-change-finger-kaam-nahi-karta-baki-aloki-iid-1099842953,iPhone 6s battery change finger kaam nahi karta Baki aloki,"Rs 10,500","Johar Town Phase 1, Lahore",1 hour ago,iPhone 6s 16GB battery change
https://www.olx.com.pk/item/realme-3-iid-1099842940,realme 3,"Rs 10,000","AWT Army Welfare Trust, Lahore",1 hour ago,"mobile ok he panel me kuch dotes Hain lakin chalta ok he bilkul smooth chalta he 
10/9 condition he
4/64 gb he
blue colour he
dotes ka itna masla nai he me bhi use KR raha houn ok he set"
https://www.olx.com.pk/item/motorola-mobile-exchange-possible-03164596567-iid-1099842923,Motorola mobile exchange possible /03164596567,"Rs 19,000","Chungi Amar Sadhu, Lahore",1 hour ago,"Motorola mobile pta ha
4GB ram 128 Rom
Good battery timing long
Good condition no open no repair 
Original pendle note no line no share all clear gaming device"
https://www.olx.com.pk/item/i-phone-7-official-pta-proof-32-gb-iid-1099842909,I phone 7 official pta proof. . 32 gb,"Rs 13,500","Cantt, Lahore",1 hour ago,betri Cheng or button not working baki overall oky(View phone number)
https://www.olx.com.pk/item/samsung-s8-iid-1099842907,samsung s8,"Rs 11,000","Shalimar Link Road, Lahore",1 hour ago,samsung s8 pta official approved 4/64 glass break dot line ma ha gira tha jis ka bad dot or line aa gai lakin 2 mah sa asa hi chala rhay han a1 chal rha ha
https://www.olx.com.pk/item/vivo-y83-iid-1099842879,vivo y83,"Rs 10,000","Lahore, Punjab",1 hour ago,"both sim approved 
y83 
good condition 
all clear phone no fault
contact on whatsapp"
https://www.olx.com.pk/item/vivo-y-83-all-ok-hai-iid-1099842869,vivo y 83 all ok hai,"Rs 16,000","Mughalpura, Lahore",1 hour ago,vivo y 83 all ok hai
https://www.olx.com.pk/item/i-phone-7-pta-approved-32gb-iid-1099842852,i phone 7 pta approved 32gb,"Rs 14,500","Daroghewala, Lahore",1 hour ago,Panel me line ai h but chalny me har cheez ok h argent sale need money
https://www.olx.com.pk/item/sparx-iid-1095705228,sparx,"Rs 20,000","Anarkali, Lahore",1 hour ago,"4 month use all ok hai 10.10 condition
 box charger phone case 
 bhi hai koi masla nahi urgent sale kami peshi ho jay gi inshallah"
https://www.olx.com.pk/item/oppo-a57-iid-1099842823,oppo A57,"Rs 10,000","Chah Miran, Lahore",1 hour ago,"oppo phone 
best quality 
condition 7/10"
https://www.olx.com.pk/item/1007-condition-ha-jiss-bhai-na-lena-ho-is-number-pa-rabta-kara-iid-1099842797,10/07 condition ha jiss bhai na lena ho is number pa rabta kara,"Rs 18,000","Sufiabad, Lahore",1 hour ago,"(View phone number) 
(View phone number)
jiss bhai na lena ho vohi rabta kara"
https://www.olx.com.pk/item/iphone-12-pro-max-256gb-available-on-easy-installment-plan-iid-1099315573,iPhone 12 Pro Max (256GB) Available On Easy Installment Plan,"Rs 15,000","Wapda Town, Lahore",2 weeks ago,"***** ONLY For Lahore *****

iPhone 12 Pro Max (256GB) On Easy Installment Plan
Brand :- iPhone
Down Payment Rs: 40,000/-
Monthly Installment Rs: 15,000/-
12 Months Installment Plan
Total Amount: 220,000/-

we deals in all kinds of mobiles of all brands

Processing all over Lahore on your door step with 1 garauntee 1 cheque 
within 24 hours 

call timings ( 11AM to 9PM) Sunday Off

Customer Trust Our First Priority 

'For More Information Contact Now 

Contact No :-0,3,2,1,4,8,0,4,2,4,6

Location :-  Temple Road, Abid Market LAhore"
https://www.olx.com.pk/item/iphone-12-pro-64gb-non-pta-on-easy-installment-plan-iid-1099379421,iPhone 12 Pro (64GB) Non PTA On Easy Installment Plan,"Rs 13,400","Gulberg, Lahore",2 weeks ago,"***** ONLY For Lahore *****

Samsung S25 Ultra Non Active (12/512GB) On Easy Installment Plan
Rs. 25,000/- Advance
Rs. 13,400/- ki 11 Equal Installment`s hain 
Total Payment Plan 
Rs. 172,400/-

Timings: Monday To Saturday

Customer Trust Our First Priority 

'For More Information Contact Now 

Contact No :-0,3,1,4,8,6,1,9,2,1,5

Location :- Fazal Son's , Temple Road, Abid Market Lahore"
https://www.olx.com.pk/item/oppo-f9-pro-8256-dual-sim-1010-iid-1099612253,Oppo F9 Pro 8/256 fix price,"Rs 13,500","Walton Road, Lahore",1 week ago,"Oppo F9 Pro 8/256 dual sim 10/10
Fresh stock available"
https://www.olx.com.pk/item/redmi-note-14-pro-5g-note-14-pro-note-14-box-pack-in-wholesale-iid-1099214835,redmi note 14 pro+ 5G | note 14 pro | note 14 Box Pack In Wholesale,"Rs 17,500","Gulberg, Lahore",3 weeks ago,"100% Wholesale Rate 
100% Original Company Pack
1 YEAR Xiaomi OFFICIAL WARRANTY 
[100 200 KY PICHY ACTIVE RE-PACK PHONE NA LAIN]
HUM SY APKO MILY GA 100% ORIGINAL COMPANY PACK MOBILE 
PHLY NON ACTIVE CHECK KARIN PHIR BOX OPEN KARWAIN
------------------------------------------------------
Redmi Note 14 Pro+
All Colours Available
12/512 GB
Company Price = 145000/-
Discount Price = 136000/-

Redmi Note 14 Pro 
12/512 GB
Company Price = 95000/-
Discount Price = 87000/-

Redmi Note 14 Pro 
8/256 GB
Company Price = 80000/-
Discount Price = 73500/-

Redmi Note 14
8/256 GB
Company Price = 58000/-
Discount Price = 54000/-

Redmi Note 14
8/128 GB
Company Price = 54000/-
Discount Price = 50500/-
. . . . . . . . . . . . . . . . . . . . . . . . . . . . . . . . . . . . . . . . . . . . 
Redmi Note 13 Pro 
8/256 GB
Company Price = 75000/-
Discount Price = 60500/-

Redmi Note 13
8/256 GB
Company Price = 58000/-
Discount Price = 50500/-
. . . . . . . . . . . . . . . . . . . . . . . . . . . . . . . . . . . . . . . . . . . . . 
Redmi 14C
4/128 GB
Company Price = 27000/-
Discount Price = 25500/-

Redmi 14C
6/128 GB
Company Price = 30000/-
Discount Price = 27500/-
. . . . . . . . . . . . . . . . . . . . . . . . . . . . . . . . . . . . . . . . . . . . . . . . . 
Redmi A3
3/64 GB
Company Price = 19000/-
Discount Price = 17500/-

Redmi A3
4/64 GB
Company Price = 21000/-
Discount Price = 19500/-

Redmi A3
4/128 GB
Company Price = 24000/-
Discount Price = 22500/-

ANNY SY PHLY RATE LAZMI CONFIRM KARIN SHUKRIYA
------------------------------------------------------
FOR MORE INFO CONTACT ON WHATSAPP
M. Shamroz Awan
0/3/2/4/4/0/7/6/6/0/2

S AWAN MOBILE WHOLESALE DEALER
SHOP NO. 43 MAIN HALL ROAD LAHORE."
https://www.olx.com.pk/item/oneplus-n200-orignal-100-iid-1098715076,Oppo F9 pro 8gb 256gb,"Rs 14,500","Walton Road, Lahore",2 days ago,"Oppo F9 pro 8gb 256gb
dual sim pta approve 
with box and orignal accessories 
finger print lock and all sensor perfectly working 
better then Infinix vivo and other brands
condition 10/10 like new
only call no sms no olx chat
0/3/0/9/44/94/3/84"
https://www.olx.com.pk/item/vivo-y17-8gb-256gb-dual-sim-pta-approved-box-iid-1099702004,vivo Y17 8gb 256gb dual sim pta approved box,"Rs 14,499","Mall Road, Lahore",4 days ago,"best wholesale rate in Lahore 
500/1000 k peechy khrab cheez na lain apko 100% original phone mily ga 7 days replacement warranty k sth 

Vivo Y17
8gb 256gb
dual sim

in just 14,499
box all accessories 500 extra

in 10/10 lush new condition 
with 7 days replacement warranty 
pta approved 
all colors available 
100% original 

with 8 years of trusted customers alhumdulilah 
it will be your best experience with us inshAllah 

adress
mobile hut LG 10 zamin center shimla pahari Lahore near nadra office and shell pump"
https://www.olx.com.pk/item/oppo-f15-8gb-256gb-oppo-reno-z-8256gb-display-fingerprint-1010-iid-1087771829,"Oppo F15 8Gb 256Gb ,OPPO Reno Z 8/256Gb ( Display Fingerprint ) 10/10","Rs 19,500","Ichhra, Lahore",1 week ago,"EID OFFER . . . . . 

OPPO F15 8GB 256gb 

Oppo Reno Z 8/256Gb 
____________________
Fresh Phone with Box Only 
____________________
4000 Mah battery 
____________________
Good Battery Backup 
____________________
48Mp Camera Outclass Performance 
____________________
No Any fault Or repair 
____________________
Dual sim Approved Lifetime warranty 
____________________
Uder Display fingerprints sensor 
____________________
Excellent performance 
____________________
7 day's check warranty 

best wholesale price in Lahore
500/1000 k peechy khrab cheez na lain
apko 100% original phone mily ga 7 days replacement warranty k sath

with 6 years of trusted customers Alhumdulilah
it will be your best experience with us InshAllah

Price Is Dead Final 

1000 Extra For Super vooc Charger


======°°°°°=========
MEHAR STORE
======°°°°°=========

OFFICE LOCATION: Javed market ichhra opposite cook nook pizza Alfateh hostle office no 108"
https://www.olx.com.pk/item/vivo-v15-popup-8256-with-charger-only-lush-condition-price-final-ha-iid-1099449827,oppo f7 (8/256) with only charger lush condition. price final ha,"Rs 14,999","Pak Arab Housing Society, Lahore",2 weeks ago,"15000 final hai bahas na krain shukriya
all ok no any fault
no open no repair
Amazing camera
good battery time
v!p pta lif£time

only serious buyer contact me
location chungi amar sadhu"
https://www.olx.com.pk/item/used-iphone-on-installments-iid-1099070080,Used iphone on Installments,"Rs 10,000","Johar Town, Lahore",3 weeks ago,"Special Offer, you can buy any iphone of your choice new or used on installments
Select any iphone you want from your trusted store, we will purchase that for you and sell you on installments
اپنی مرضی کا iphone آسان اقساط پر حاصل کریں. iphone خود پسند کریں اور ہم سے قسطیں کروایں. 
For more deatils contcat this num :03/224616/880"
https://www.olx.com.pk/item/one-plus-8-pro-kit-iid-1099842771,one plus 8 pro kit,"Rs 18,000","Shahdara, Lahore",2 hours ago,"panel tota he lakin on hota he 
work nahi karta 
8/128 
pta approved"
https://www.olx.com.pk/item/samsung-a12-iid-1099842766,samsung a12,"Rs 20,000","Peco Road, Lahore",2 hours ago,samsung a12 4 128gb all oka hai firgar off hai baki oka hai box b hai exchange and sale
https://www.olx.com.pk/item/4gb-128gb-pta-aproved-dule-sim-iid-1099842723,4gb 128gb pta aproved dule sim,"Rs 13,500","New Samanabad, Lahore",2 hours ago,Nova 2 plus 10/9 berry timing bht achi ha camera b acha ha
https://www.olx.com.pk/item/realme-c3-iid-1099842685,REALME C3,"Rs 14,000","Jail Road, Lahore",2 hours ago,"•REALME C3•
•BOX+CHARGER•
•3/32GB•
•NEVER OPENED REPAIRED•
•10/10•
•2 DAYS BACKUP•
•SHEET APPLIED ON BACK SIDES•
•SLIGHTLY USED•
•SERIOUS BUYERS CONTACT ME•
JAZAKALLAH"
https://www.olx.com.pk/item/urgent-sale-iid-1099842601,urgent sale,"Rs 16,000","Ichhra, Lahore",2 hours ago,Hot 11S 4/128 good condition
https://www.olx.com.pk/item/i-phone-7plus-iid-1099842536,i phone 7plus,"Rs 15,500","Township - Sector A2, Lahore",2 hours ago,i phone 7plus 128gb non pta all ok orignal pannel finger working just battery change
https://www.olx.com.pk/item/4-64-ha-all-oka-iid-1099842498,4 64 ha all oka,"Rs 20,000","Shahdara, Lahore",2 hours ago,koi masla nahi good condition ha
https://www.olx.com.pk/item/realme-c11-with-box-charger-2-32-iid-1099842387,Realme C11 With Box Charger 2 32,"Rs 16,200","Meharpura, Lahore",2 hours ago,"Realme C11 With Box Charger
2 GB Ram 32 GB Storage 
Screen pr Halka sa Neshan hn
Pic ma dekh Sakta hn ap
Baki Koi masla Koi Kharbi nhi
Charger Local Hn lakn Sahi chalta
Serious person Msg Kara 
Whatsapp Or Call Dono hn
Location Meharpura Awan Town Lahore"
https://www.olx.com.pk/item/samsung-a30-exchnge-iid-1099842360,samsung A30 exchnge,"Rs 13,000","Johar Town, Lahore",2 hours ago,"4 64 pta approved finger ok front se minor sa breek camere ke opr se pics me dekh lo 10/9
Exchnge possible"
https://www.olx.com.pk/item/iphone-7-plus-128-gb-my-whatsapp-number-03106441528-iid-1099842354,iphone 7 plus 128 GB my WhatsApp number 03106441528,"Rs 16,500","Mohlanwal Scheme, Lahore",2 hours ago,"iPhone 7 plus 128 GB for sale 
and PTA approved
With complete box
and good condition
No open no repair no any fault
and 7 day check warranty
Home delivery all Pakistan"
https://www.olx.com.pk/item/samsung-galaxy-a71-03164596567-whatsapp-iid-1099842326,Samsung Galaxy a71 /03164596567 whatsapp,"Rs 19,500","Chungi Amar Sadhu, Lahore",2 hours ago,"Samsung Galaxy a71 exchange possible
Ram 8 Rom 128 non pta 
Display finger panel mein shade hai
No. No line no break good battery time 
Condition use"
https://www.olx.com.pk/item/realme-c11-with-box-charger-2-32-iid-1099842322,Realme C11 With Box Charger 2 32,"Rs 16,000","Meharpura, Lahore",2 hours ago,"Realme C11 With Box Charger
2 GB Ram 32 GB Storage 
Screen pr Halka sa Neshan hn
Pic ma dekh Sakta hn ap
Baki Koi masla Koi Kharbi nhi
Charger Local Hn lakn Sahi chalta
Serious person Msg Kara 
Contact 0/3/0/6/4/1/6/8/9/3/1
Whatsapp Or Call Dono hn
Location Meharpura Awan Town Lahore"
https://www.olx.com.pk/item/iphone-6plus-64-gb-pta-prove-iid-1099842292,iphone 6plus 64 gb pta prove,"Rs 14,000","Ali Town, Lahore",2 hours ago,iphone 6plus 64gb pta prove battery health 83 panal change finger not working
https://www.olx.com.pk/item/one-plus-6-dual-sim-official-pta-proved-not-patched-iid-1099842271,One plus 6 ( dual sim official pta proved not patched ),"Rs 15,000","PGECHS Phase 1, Lahore",2 hours ago,"One plus 6 
ram : 8 gb
storage 128 gb
phone condition : 7/10 ( scratches and dents ) 
back change krwai thi original toot gyi thi 
box charger wagera is ka complete genuine / original hai 
phone ki working me koi issue nhi hai as a secondary phone use kr rha tha to share hotspot 
all original and fresh pics attached hain 
fingure print and screen is working perfectly no issue 
battery timming 4 to 6 hours normal use pr 
all details mention hain bakaya ap log please faltu ki offers na dein 
no exchange only sell 
rate pehle hi munasib lga rha Hn"
